{
    "0": 1,
    "1": 0,
    "2": 0,
    "3": 0,
    "4": 0,
    "5": 1,
    "6": 0,
    "7": 0,
    "8": 0,
    "9": 0,
    "10": 1,
    "11": 0,
    "12": 0,
    "13": 0,
    "14": 2,
    "15": 1,
    "16": 0.5625,
    "17": 0,
    "18": 0,
    "19": 0,
    "20": 0,
    "21": 1,
    "22": 0,
    "23": 0,
    "24": 0,
    "25": 0,
    "26": 1.0020040273666382,
    "27": 1,
    "28": 0,
    "29": 0,
    "30": -0.010020039975643158,
    "31": 0,
    "32": 1,
    "33": 0,
    "34": 0,
    "35": 0,
    "36": 0,
    "37": 1,
    "38": 0,
    "39": 0,
    "40": 0,
    "41": 0,
    "42": 1,
    "43": 0,
    "44": 0,
    "45": 0,
    "46": 0,
    "47": 1,
    "48": 1,
    "49": 0,
    "50": 0,
    "51": 0,
    "52": 1,
    "53": 0,
    "54": 0,
    "55": 0,
    "56": 1,
    "57": 0,
    "58": 0,
    "59": 0,
    "60": 0,
    "61": 0,
    "62": -2,
    "63": 0
}